loss,acc,time
2.780654138472022,0.7312101910828026,985.45715341568
